"Patient.ID","Th17_Standard","Th17_Enhanced","Th17_CodeSet","Mutation_Status"
"TCGA.05.4244",0.150539828824121,0.0771859970826811,-0.118339444716126,"Mut"
"TCGA.05.4249",-0.147729387422949,-0.00756376402913514,-0.072286710720723,"Mut"
"TCGA.05.4250",-0.132145739118934,-0.164343405105824,0.19801561610318,"Mut"
"TCGA.05.4382",0.308718119877571,0.139634107572364,0.159056080642892,"Other_Mut"
"TCGA.05.4384",-0.0772157053108682,-0.0475450227663736,-0.190006099959476,"Other_Mut"
"TCGA.05.4389",-0.0691348067582848,-0.0115125021317153,0.0530670976798175,"Other_Mut"
"TCGA.05.4390",-0.092442510941964,0.190044497638229,-0.154030260775581,"Mut"
"TCGA.05.4395",0.170311417498602,0.0669929395070582,0.0894674384921653,"Mut"
"TCGA.05.4396",-0.0188775655596858,0.0661891651657187,-0.211431379624116,"Other_Mut"
"TCGA.05.4397",-0.191452290829223,-0.231363718219399,-0.301733746596713,"Other_Mut"
"TCGA.05.4398",0.13169866162383,0.286549958183709,0.246413946369058,"Other_Mut"
"TCGA.05.4402",-0.191736130032429,-0.207257984129727,-0.197991850281872,"Other_Mut"
"TCGA.05.4403",0.0504476367519386,0.0371443044880325,0.13529375223758,"Mut"
"TCGA.05.4405",-0.100574838201653,0.148054767523353,-0.0854662633440914,"Mut"
"TCGA.05.4410",-0.0790191893322826,0.0804633446237971,0.180034915963928,"Other_Mut"
"TCGA.05.4415",-0.441335809475882,-0.415980740550418,-0.0494216585783847,"Mut"
"TCGA.05.4417",0.311688134767622,0.312937832908191,0.35324896710155,"Mut"
"TCGA.05.4418",0.0996323318369214,-0.0703530937038651,0.174523767706373,"Mut"
"TCGA.05.4420",-0.157140009699617,-0.164784901327279,-0.353212293172152,"Other_Mut"
"TCGA.05.4422",0.259774649309218,0.211636603264025,-0.0419606069835417,"Mut"
"TCGA.05.4424",-0.103831210404459,-0.0204989035879303,-0.00490286591757663,"Other_Mut"
"TCGA.05.4425",0.264889081097311,0.344511088462509,0.223862536110525,"Other_Mut"
"TCGA.05.4426",0.229955502279172,-0.069034763953245,-0.139014738716447,"Other_Mut"
"TCGA.05.4427",-0.1099308693805,0.0430212047973875,-0.0263777834539585,"Mut"
"TCGA.05.4430",0.0814384956331644,0.103555764693213,-0.0194367977002176,"Other_Mut"
"TCGA.05.4432",0.122789875525111,0.140416942111609,-0.095820746596962,"Mut"
"TCGA.05.4433",0.144416039321148,0.238209427544038,0.223682588075818,"Mut"
"TCGA.05.4434",0.103548863122416,0.0598613489621962,0.321682211088105,"Other_Mut"
"TCGA.05.5423",0.0384619364020013,0.0250642193420076,0.0247379959425535,"Other_Mut"
"TCGA.05.5425",0.215850773092109,0.060786399862136,0.200281912250576,"Mut"
"TCGA.05.5428",-0.14762542620406,-0.0932945183674258,-0.13716451806643,"Other_Mut"
"TCGA.05.5429",0.239120202293826,0.139453827284824,-0.138905629798908,"Other_Mut"
"TCGA.05.5715",0.211706543505122,0.052396511721671,-0.144101759030683,"Other_Mut"
"TCGA.35.3615",-0.11072879870742,-0.0973168897594106,-0.244491427478347,"Mut"
"TCGA.35.4122",-0.00399855126536014,-0.137493828035203,0.238513624237102,"Other_Mut"
"TCGA.35.4123",0.180656840991414,0.124202488690107,0.261986917110951,"Other_Mut"
"TCGA.35.5375",-0.292947485331782,-0.315652988724497,-0.0973401762228397,"Other_Mut"
"TCGA.38.4625",-0.336390543255395,-0.315116802867962,0.0207022498278686,"Other_Mut"
"TCGA.38.4626",0.203473622089411,0.200990089971163,0.198882211975868,"Other_Mut"
"TCGA.38.4627",0.173578383695526,0.167779718255347,0.183306219781488,"Other_Mut"
"TCGA.38.4628",0.127335806900749,0.150917002601577,-0.283651637055108,"Other_Mut"
"TCGA.38.4631",-0.342710680862887,-0.243489638599706,-0.187914086343706,"Other_Mut"
"TCGA.38.4632",-0.0185693578755486,0.0511738175878255,0.156464081043114,"Other_Mut"
"TCGA.38.6178",0.192594959543135,0.131596750198671,-0.0785564810514426,"Other_Mut"
"TCGA.38.7271",0.0844902656230484,0.176228887754909,0.422356707046773,"Other_Mut"
"TCGA.38.A44F",0.273469048802053,0.14550918267302,0.176993536758255,"Other_Mut"
"TCGA.44.2655",-0.072830308867956,-0.0735761092489301,-0.141783711399478,"Other_Mut"
"TCGA.44.2656",-0.0497992333334363,-0.204675839894784,0.370349647222939,"Other_Mut"
"TCGA.44.2657",-0.152090389416674,-0.171671415755172,0.225360640287548,"Other_Mut"
"TCGA.44.2659",0.00288836839660628,-0.0920312758955072,0.13982762045762,"Other_Mut"
"TCGA.44.2662",0.330514852044019,0.21467160242894,0.209175361128002,"Other_Mut"
"TCGA.44.2665",0.17983540006309,0.031223151152198,0.0534334608689271,"Other_Mut"
"TCGA.44.2666",-0.366543289209962,-0.332208821121804,-0.218855609604451,"Other_Mut"
"TCGA.44.2668",0.456973392199725,0.350107343219746,0.392766580307969,"Other_Mut"
"TCGA.44.3396",0.14617509505846,0.220566833755081,0.328287510599474,"Other_Mut"
"TCGA.44.3398",0.255367171641432,-0.00163462931217126,0.121653916605895,"Other_Mut"
"TCGA.44.3918",0.175798529183623,0.0695837537863025,0.29282556161969,"Other_Mut"
"TCGA.44.3919",-0.0215512523001563,0.0967990213509445,0.238419481986034,"Other_Mut"
"TCGA.44.4112",-0.375236756620403,-0.33024031289671,-0.163970466853016,"Other_Mut"
"TCGA.44.5643",-0.278301170674709,-0.260555919818969,0.0440184880040026,"Other_Mut"
"TCGA.44.5644",0.195497057578027,0.0419788608845246,-0.272465424846812,"Other_Mut"
"TCGA.44.5645",0.0465707965486539,0.0388461144648842,0.0539533369418581,"Other_Mut"
"TCGA.44.6145",0.323012143245431,0.158506147736322,0.320100417508072,"Mut"
"TCGA.44.6146",0.329637247299105,0.288945326203971,-0.101880763681061,"Mut"
"TCGA.44.6148",-0.109788327444293,-0.0697222268284056,-0.171799612927582,"Other_Mut"
"TCGA.44.6774",0.0614966945479488,0.136751709210849,0.259717396829338,"Other_Mut"
"TCGA.44.6775",0.22059370678626,0.176500722589673,0.150224994370958,"Other_Mut"
"TCGA.44.6776",0.0333780239096718,0.0538609888059287,-0.295211531313093,"Mut"
"TCGA.44.6777",0.230120964072449,0.166036883261232,0.400357541411593,"Other_Mut"
"TCGA.44.6778",-0.032729940709594,-0.0231015490436632,0.303903376245696,"Other_Mut"
"TCGA.44.6779",0.244097439095768,0.241589765000313,0.333081546264898,"Mut"
"TCGA.44.7659",0.00436855358451546,0.114038158522501,-0.202794173246166,"Mut"
"TCGA.44.7660",-0.359115871712167,-0.43202082701496,-0.295932069663259,"Other_Mut"
"TCGA.44.7661",0.309255344355628,0.278533833676315,0.374612229282272,"Mut"
"TCGA.44.7662",-0.134334293958195,-0.211562282573628,0.0667794404231537,"Other_Mut"
"TCGA.44.7667",-0.416036432891328,-0.322331500591241,-0.311400194072624,"Other_Mut"
"TCGA.44.7669",-0.267128575280942,-0.238513048296231,-0.0279276890616084,"Mut"
"TCGA.44.7670",-0.0287721902670339,-0.0185996310757065,-0.255255671564805,"Other_Mut"
"TCGA.44.7671",0.0949111329105442,0.158185755253161,-0.264193029741875,"Mut"
"TCGA.44.7672",0.292211383123191,0.162889938458836,0.364050452851721,"Mut"
"TCGA.44.8117",-0.0838074849936339,-0.0116973884163377,-0.235772478203934,"Mut"
"TCGA.44.8119",0.12205372368674,0.10409429977625,0.0725146536717551,"Mut"
"TCGA.44.8120",0.295815442503993,0.320994074711403,-0.198854538943925,"Mut"
"TCGA.44.A479",0.0721145997717327,0.0699965025057593,0.226322674944424,"Mut"
"TCGA.44.A47A",-0.0432927705400578,-0.0645501899776887,-0.0159468541084362,"Mut"
"TCGA.44.A47B",-0.150544158661135,-0.078528477145729,-0.124264048073485,"Other_Mut"
"TCGA.44.A47G",0.45385815691252,0.388696995509677,0.385280871692993,"Other_Mut"
"TCGA.44.A4SS",0.295704810143831,0.274573638962379,0.164248755269666,"Other_Mut"
"TCGA.44.A4SU",-0.0401066703967257,0.0164801904372037,-0.240185622011796,"Other_Mut"
"TCGA.49.4486",-0.142726921643131,-0.0594471174436816,-0.364735425059441,"Other_Mut"
"TCGA.49.4487",0.189645505352168,0.0412376449700098,0.237567848006081,"Mut"
"TCGA.49.4488",0.144805557920836,0.182026786189676,0.000624681581557041,"Other_Mut"
"TCGA.49.4490",-0.0726555158514962,-0.064626996837122,-0.23707490635932,"Other_Mut"
"TCGA.49.4494",-0.0926494673933908,-0.0608002008001425,-0.0718538579290694,"Other_Mut"
"TCGA.49.4501",-0.0326583080958809,-0.0207863734766534,-0.118680581323092,"Other_Mut"
"TCGA.49.4505",0.202613595036616,0.123600438568146,0.150319404518763,"Mut"
"TCGA.49.4506",0.0409584707015769,-0.00651883035681139,0.0188357624952322,"Mut"
"TCGA.49.4507",0.092228993056047,-0.0380677519585418,0.0560830746649361,"Mut"
"TCGA.49.4510",0.152604828687428,0.173916730555963,-0.344609295274659,"Mut"
"TCGA.49.4512",0.152357978920304,-0.0787106476793326,-0.231476111918904,"Other_Mut"
"TCGA.49.4514",0.180841390106616,0.0154667078501243,-0.0254073877282942,"Other_Mut"
"TCGA.49.6742",-0.276536466179969,-0.152467398463724,-0.283219914206474,"Other_Mut"
"TCGA.49.6743",0.0179915970566428,-0.0503782275119467,0.0520127028486053,"Other_Mut"
"TCGA.49.6744",0.265369298783704,0.246617277728023,0.338062925645298,"Other_Mut"
"TCGA.49.6745",0.124986811085866,0.131265073674969,0.378256734183084,"Other_Mut"
"TCGA.49.6761",-0.0401260725610124,-0.106772007996831,0.0882753061748893,"Other_Mut"
"TCGA.49.6767",0.0136900984136594,-0.0428720672616714,0.0152220925476864,"Other_Mut"
"TCGA.49.AAQV",0.0267283846159758,-0.0765105772419053,-0.236769233177878,"Other_Mut"
"TCGA.49.AAR0",0.0866437674702309,0.0950270461538443,-0.198083424134702,"Mut"
"TCGA.49.AAR2",-0.145072828588961,-0.138655644949062,-0.246693508383981,"Other_Mut"
"TCGA.49.AAR3",-0.000283485017441076,-0.0640672907002573,0.227040989205725,"Other_Mut"
"TCGA.49.AAR4",-0.130431814106912,-0.213066264137633,0.0116328137623968,"Other_Mut"
"TCGA.49.AAR9",0.00091811601043304,-0.0286004979801478,-0.288545777268007,"Other_Mut"
"TCGA.49.AARE",-0.18551541444843,-0.17602666549093,-0.292796840926201,"Other_Mut"
"TCGA.49.AARN",0.116065092768705,-0.0464322821257115,-0.244325977582257,"Other_Mut"
"TCGA.49.AARO",0.212724698940332,0.0665224728468648,0.136472723015499,"Mut"
"TCGA.49.AARQ",0.0311906128430752,0.0184636284431018,-0.229025414315621,"Mut"
"TCGA.49.AARR",-0.00629122540663704,0.0205506453915004,-0.00267435791864283,"Other_Mut"
"TCGA.4B.A93V",0.0400869517322313,0.166273925221911,-0.073760872264082,"Mut"
"TCGA.50.5044",0.118558294168716,-0.0738251741666008,0.0469873918767166,"Other_Mut"
"TCGA.50.5045",0.255695332498821,0.138885193035077,0.320432817481773,"Other_Mut"
"TCGA.50.5049",0.114120345978527,0.0647931445486522,0.34504039561126,"Other_Mut"
"TCGA.50.5051",-0.351760910883948,-0.257233420159478,-0.317207602431635,"Mut"
"TCGA.50.5055",0.180690805604846,0.0688086530822694,0.342150735471027,"Other_Mut"
"TCGA.50.5066",0.0356881010587722,-0.13899149866361,0.168318195574591,"Other_Mut"
"TCGA.50.5068",0.0686658582112622,-0.0316839687670929,0.0563549824476674,"Other_Mut"
"TCGA.50.5072",-0.0263032144678558,-0.0483027903630626,-0.172695017871146,"Mut"
"TCGA.50.5930",0.301592143097451,0.17943284040833,0.015132442102716,"Other_Mut"
"TCGA.50.5931",-0.184162961944182,-0.270424576194413,-0.328988209261303,"Other_Mut"
"TCGA.50.5932",-0.0543522374532854,0.00267049090789417,-0.294012370719934,"Mut"
"TCGA.50.5933",0.286307658113216,0.137866787199848,0.333646877366675,"Mut"
"TCGA.50.5935",0.168247030299354,0.170450669671386,-0.0578254677468331,"Other_Mut"
"TCGA.50.5936",-0.0105179840685735,-0.170637255853229,0.00886003529985541,"Mut"
"TCGA.50.5939",0.379051807792423,0.308310296718552,0.293536727671192,"Mut"
"TCGA.50.5941",0.361112013547635,0.274611892906761,0.384777090625268,"Mut"
"TCGA.50.5942",0.040920171113879,0.144320021782785,-0.0926742763161158,"Other_Mut"
"TCGA.50.5944",0.0386072447303936,0.106295399242006,-0.176466665598282,"Other_Mut"
"TCGA.50.5946",-0.268411818143528,-0.182512188863177,-0.369789640481529,"Other_Mut"
"TCGA.50.6590",-0.0783668361534537,-0.203487762162633,0.245323004495831,"Other_Mut"
"TCGA.50.6591",-0.280772404155696,-0.260190726206704,-0.367274131228077,"Other_Mut"
"TCGA.50.6592",0.151539890181632,0.223654000591122,0.283053140571675,"Other_Mut"
"TCGA.50.6593",0.187848464063505,0.135935721461406,-0.103416841941082,"Other_Mut"
"TCGA.50.6594",0.120594477397093,0.0305664337688057,-0.138421476749495,"Other_Mut"
"TCGA.50.6595",0.0422569156695084,-0.0662943857131397,0.290180493475236,"Other_Mut"
"TCGA.50.6597",0.311224027092494,0.20244097506859,-0.115382135906293,"Other_Mut"
"TCGA.50.6673",0.177079439347035,0.225533345211606,-0.0136792618686761,"Other_Mut"
"TCGA.50.7109",-0.0786969793314504,-0.0612707002542088,-0.0600945544195339,"Mut"
"TCGA.50.8457",0.116435278378351,0.22102677546291,0.126521888520042,"Other_Mut"
"TCGA.50.8459",0.327011355749768,0.228703260501343,0.184688712892082,"Mut"
"TCGA.50.8460",0.239750991614951,0.181903601519048,-0.000664353100592568,"Other_Mut"
"TCGA.53.7624",-0.259041573073385,-0.218784605012407,-0.185100316782882,"Other_Mut"
"TCGA.53.7626",-0.040149724913883,0.0899556994149528,0.377430921757006,"Other_Mut"
"TCGA.53.7813",-0.0450450027358708,-0.14082974624917,-0.0706195126087933,"Mut"
"TCGA.53.A4EZ",-0.0927586036644871,-0.0806863134336688,-0.316931096780492,"Other_Mut"
"TCGA.55.1592",-0.214601075325552,-0.192631884950187,-0.259869102006935,"Other_Mut"
"TCGA.55.1594",-0.0600553178148137,-0.0342117687502847,-0.242119131089054,"Other_Mut"
"TCGA.55.1595",-0.399052363588568,-0.111351278255706,-0.164063625418614,"Mut"
"TCGA.55.1596",-0.147770012236321,-0.0876172493888713,-0.226012480889236,"Mut"
"TCGA.55.5899",-0.288917868796539,-0.248881462444787,-0.154410774499855,"Other_Mut"
"TCGA.55.6543",-0.142467262711255,-0.00226095697310022,0.0056100409431725,"Other_Mut"
"TCGA.55.6642",0.0139917337791691,-0.057689569807449,0.169257086379585,"Mut"
"TCGA.55.6712",-0.053563652375636,-0.098978829788661,0.290739031637209,"Other_Mut"
"TCGA.55.6968",-0.25167689755217,-0.294433231664071,-0.098201044599904,"Other_Mut"
"TCGA.55.6969",-0.168513837530647,-0.162414963154477,0.123457257753528,"Other_Mut"
"TCGA.55.6970",-0.083486651751265,-0.0754768007466939,0.236054744436932,"Mut"
"TCGA.55.6971",0.24311113063094,0.151024523599175,0.367727413799987,"Other_Mut"
"TCGA.55.6972",-0.29684478767116,-0.177469648715273,-0.458737556983342,"Other_Mut"
"TCGA.55.6975",0.0142465631747474,-0.116689048027271,0.0114196131358117,"Mut"
"TCGA.55.6978",0.0432027019792802,-0.0386185510205276,0.394027713447986,"Other_Mut"
"TCGA.55.6979",0.241763047705598,0.245713166430084,0.347215294683222,"Other_Mut"
"TCGA.55.6980",0.358762259555694,0.253841514856187,0.237787929864786,"Other_Mut"
"TCGA.55.6981",0.0231213458381661,0.191428002376676,-0.09107754423373,"Other_Mut"
"TCGA.55.6982",0.31173889923005,0.209528501498139,0.232230629224078,"Other_Mut"
"TCGA.55.6983",-0.0429226150665405,-0.0843522246352944,0.062446563196449,"Mut"
"TCGA.55.6984",0.388204793748375,0.257838723628643,0.0232692163730707,"Mut"
"TCGA.55.6985",-0.100749200671926,0.025339494766866,0.339754191847421,"Other_Mut"
"TCGA.55.6986",-0.322699675901221,-0.244569594906844,-0.0946032783771085,"Other_Mut"
"TCGA.55.6987",0.252308943331378,0.160486115065569,0.415055164057177,"Other_Mut"
"TCGA.55.7227",0.0495384765118897,0.0850366125438165,0.282260542666852,"Other_Mut"
"TCGA.55.7281",0.123777713330007,0.0911422003967352,0.221771705161751,"Mut"
"TCGA.55.7283",-0.491126264679208,-0.198607358699402,-0.0658532834811236,"Mut"
"TCGA.55.7284",0.411240271637841,0.386582703715451,0.0337374084993768,"Mut"
"TCGA.55.7570",-0.391618529406219,-0.371427281684392,-0.247870175720678,"Other_Mut"
"TCGA.55.7573",0.122742856852905,0.101371502642112,0.0482175205585777,"Other_Mut"
"TCGA.55.7574",0.447049526376489,0.301161827588278,0.257070466074395,"Mut"
"TCGA.55.7576",-0.221644853123927,-0.120754670899696,-0.0994221640616858,"Mut"
"TCGA.55.7724",-0.0888738036430001,-0.193565986342956,0.202015577176173,"Other_Mut"
"TCGA.55.7725",0.186544460430591,0.0894598396130359,0.170213288627291,"Mut"
"TCGA.55.7726",0.143139324541655,-0.000542097660293145,0.168682764725551,"Mut"
"TCGA.55.7727",-0.137728066409728,-0.152602338298286,0.0360915713291244,"Other_Mut"
"TCGA.55.7728",0.282447020774999,0.145422218587364,0.162324313172478,"Mut"
"TCGA.55.7815",0.21968769449357,0.0864079195629543,0.191544476818053,"Mut"
"TCGA.55.7816",0.0916704615549502,0.104824334997494,0.0214527965674968,"Other_Mut"
"TCGA.55.7903",-0.379411880402287,-0.263847180061961,-0.0431805611414913,"Other_Mut"
"TCGA.55.7907",-0.194833574652201,-0.181021733204832,0.0175663264459165,"Mut"
"TCGA.55.7910",0.0489959688145354,-0.0137207689614867,-0.167832099454433,"Mut"
"TCGA.55.7911",0.00110945278932725,-0.0650197825042101,0.181713295652953,"Mut"
"TCGA.55.7913",-0.068077852649428,-0.0900066372118291,-0.342663734042699,"Mut"
"TCGA.55.7914",0.0315126780727399,-0.0431314303770855,0.0323038226804337,"Mut"
"TCGA.55.7994",0.0377440059402213,0.218621268018879,0.233868253784511,"Other_Mut"
"TCGA.55.7995",-0.301142117323263,-0.256200352578262,0.132149518623039,"Other_Mut"
"TCGA.55.8085",0.0261059907193206,0.10372927741593,0.0391931648014786,"Other_Mut"
"TCGA.55.8087",-0.0741604033239419,0.0927909097059083,-0.38285672828918,"Other_Mut"
"TCGA.55.8089",0.089619668270101,-0.0353132357419162,0.384086063059229,"Other_Mut"
"TCGA.55.8090",-0.0537802241670471,-0.116040883544586,0.113195875687147,"Mut"
"TCGA.55.8091",0.247970120070431,0.192363356504718,0.246656993275043,"Other_Mut"
"TCGA.55.8092",-0.0542124288954606,-0.155892838215938,0.0347889910036126,"Mut"
"TCGA.55.8094",-0.290862630554153,-0.367275182680589,-0.320907876683995,"Mut"
"TCGA.55.8096",0.0581721929091515,-0.10408508769617,-0.111186292926256,"Other_Mut"
"TCGA.55.8097",0.0528977036822327,0.138956156459495,-0.29507495918831,"Mut"
"TCGA.55.8203",-0.136858159244589,0.0127631333318672,0.0149338288903323,"Mut"
"TCGA.55.8204",0.000189380484018925,-0.182046140558182,0.138618174938341,"Other_Mut"
"TCGA.55.8205",-0.0814461750391702,-0.00384800948365385,0.362674988112086,"Other_Mut"
"TCGA.55.8206",0.0694570451534088,0.13511890867671,0.0204296424167136,"Other_Mut"
"TCGA.55.8207",0.0374803770632758,0.0876047919352309,-0.0250005675157041,"Mut"
"TCGA.55.8208",0.424167885965537,0.312411170260426,0.378504292964751,"Other_Mut"
"TCGA.55.8299",0.30255229079327,0.178905025680096,0.399120830475146,"Mut"
"TCGA.55.8301",-0.0562126018482885,-0.257589267465536,0.277851134488322,"Other_Mut"
"TCGA.55.8302",-0.0501071861092482,-0.175323687984989,-0.0797910102403408,"Mut"
"TCGA.55.8505",0.0662839255806543,0.142996783502245,-0.221849465929927,"Other_Mut"
"TCGA.55.8506",-0.188876796498844,-0.164118439763884,-0.027174007878887,"Other_Mut"
"TCGA.55.8507",-0.172039348176897,0.00532528789538848,-0.25996362181893,"Mut"
"TCGA.55.8508",-0.157903891513028,-0.0339896909800227,-0.141688527637934,"Mut"
"TCGA.55.8510",0.364207849514525,0.360857829881276,0.144659238133029,"Other_Mut"
"TCGA.55.8511",0.471068306456779,0.442818857368712,0.266888197643756,"Other_Mut"
"TCGA.55.8512",-0.194950257524927,-0.0463207605930442,-0.225985592980954,"Mut"
"TCGA.55.8513",0.192054408005184,0.206361618263919,0.0958144591610527,"Other_Mut"
"TCGA.55.8514",0.124609714518024,0.185496069571466,-0.213771033753978,"Mut"
"TCGA.55.8614",0.117451199167334,0.00904653135315875,-0.0571202912395401,"Other_Mut"
"TCGA.55.8615",0.1175564997339,0.145300818195423,-0.37558440624738,"Mut"
"TCGA.55.8616",0.00502093020053829,0.0318937258624806,-0.2560382504988,"Mut"
"TCGA.55.8619",0.368388567222427,0.319603537621077,0.260680371916684,"Other_Mut"
"TCGA.55.8620",-0.160076295444159,-0.171412570097148,-0.237263817303111,"Other_Mut"
"TCGA.55.8621",0.108654199237856,-0.00233610302863063,0.201547412819845,"Other_Mut"
"TCGA.55.A48X",0.0359618087902153,-0.0384749063423967,-0.0524893048895226,"Other_Mut"
"TCGA.55.A48Y",0.043926708921264,-0.0814936842500077,-0.0705515385551737,"Other_Mut"
"TCGA.55.A48Z",-0.168150849405923,-0.158949620971034,-0.156028247190807,"Other_Mut"
"TCGA.55.A490",0.20979142409196,0.305388207698888,-0.0677820139948555,"Mut"
"TCGA.55.A491",-0.204961510708515,-0.0765333489885693,-0.0794293654682119,"Other_Mut"
"TCGA.55.A492",-0.0876065934803774,-0.0242703313802586,-0.361137062301245,"Mut"
"TCGA.55.A493",0.0946970122898869,-0.0113299566514934,0.287260833086033,"Other_Mut"
"TCGA.55.A494",-0.224003928707109,-0.0938657198403984,-0.334036890101464,"Mut"
"TCGA.55.A4DF",0.147476902623615,0.0707960972091686,0.0658093782323162,"Other_Mut"
"TCGA.55.A4DG",2.16270034748278e-05,0.0649916672454696,-0.138255518217037,"Other_Mut"
"TCGA.55.A57B",0.0241749091105574,0.134746031904468,-0.14930173421419,"Other_Mut"
"TCGA.62.8394",0.105418151677011,-0.059898018630876,-0.193252618340396,"Other_Mut"
"TCGA.62.8395",0.156650716427094,0.275065349525109,-0.221524992893209,"Other_Mut"
"TCGA.62.8397",0.228793048942246,0.274271724362585,-0.214269246413276,"Other_Mut"
"TCGA.62.8398",0.257352698853349,0.0500864552425645,0.0763643211342362,"Mut"
"TCGA.62.8399",-0.171276308734557,-0.0681572151993318,-0.164677953899686,"Other_Mut"
"TCGA.62.8402",-0.0244095284613838,0.0948095828122311,0.124777889066384,"Other_Mut"
"TCGA.62.A46O",-0.196542105775175,-0.190704133394474,-0.340856187041469,"Other_Mut"
"TCGA.62.A46P",0.237941631130561,0.233424295255023,-0.220682189333661,"Mut"
"TCGA.62.A46R",0.0591440363055841,0.0195543282917252,0.00789114044149877,"Mut"
"TCGA.62.A46S",-0.0470331097087159,0.00507735978178267,-0.0140930241601232,"Mut"
"TCGA.62.A46U",0.292355159247415,0.35082064570308,0.340312796058835,"Other_Mut"
"TCGA.62.A46V",0.0973502882288088,0.117640054945561,-0.357433305343032,"Other_Mut"
"TCGA.62.A46Y",-0.0813764163610702,-0.126952455659088,-0.0132487659275386,"Other_Mut"
"TCGA.62.A470",-0.269598456434888,-0.0209950595481632,-0.238136852348439,"Mut"
"TCGA.62.A471",-0.227367518257797,-0.266316896442084,-0.186274319012317,"Other_Mut"
"TCGA.62.A472",-0.15643482302975,-0.141177636942921,-0.0461510878942235,"Other_Mut"
"TCGA.64.1676",-0.0636510012773563,-0.24065143995043,0.0959562900184587,"Other_Mut"
"TCGA.64.1677",-0.373527017912737,-0.336645014244412,-0.0525038102215353,"Mut"
"TCGA.64.1679",0.247540176491286,0.132654356234652,0.0594101920213488,"Other_Mut"
"TCGA.64.1680",-0.0699447131892982,-0.0295525687125202,-0.242842218787429,"Other_Mut"
"TCGA.64.1681",0.299605266343965,0.172344254999011,-0.0099352064974885,"Other_Mut"
"TCGA.64.5774",-0.276989491938595,-0.170354908120084,-0.256184079468085,"Mut"
"TCGA.64.5775",-0.342412978372859,-0.195125493492642,-0.0648051805759012,"Mut"
"TCGA.64.5778",-0.111321378059511,-0.175165980584294,-0.00274796497131546,"Mut"
"TCGA.64.5779",-0.16614934442239,-0.213561521284479,0.0285348773581025,"Other_Mut"
"TCGA.64.5781",0.0290443694118144,-0.155323782974094,0.104883764163185,"Other_Mut"
"TCGA.64.5815",0.393038363122037,0.372185784002933,0.320220152761613,"Mut"
"TCGA.67.3770",0.16217226745895,0.166646857436532,-0.211306901136784,"Other_Mut"
"TCGA.67.3771",0.144625321104733,0.0899494635137441,-0.0707548563254726,"Other_Mut"
"TCGA.67.3772",0.174086532004191,-0.0281036279527559,0.0068072679485648,"Other_Mut"
"TCGA.67.3773",0.264753197761949,0.137864650841686,0.13457396206312,"Mut"
"TCGA.67.3774",0.35437875872756,0.239290358194396,0.016402242972382,"Mut"
"TCGA.67.4679",0.214615834907983,0.324361898560927,-0.0542166939472496,"Mut"
"TCGA.67.6215",-0.270668632631266,-0.056238677035806,-0.167029211141897,"Other_Mut"
"TCGA.67.6216",-0.0219848191436513,-0.0665063526060395,0.0756327094158259,"Other_Mut"
"TCGA.67.6217",0.138732138166564,0.0604840622946977,-0.0941329953141545,"Other_Mut"
"TCGA.69.7760",-0.332091590111417,-0.283408288219532,-0.27454330799648,"Other_Mut"
"TCGA.69.7761",0.348439086039858,0.306113966047083,0.365198124455283,"Other_Mut"
"TCGA.69.7763",0.109789769078327,0.0605192150998834,-0.0571454968317672,"Mut"
"TCGA.69.7764",-0.016766598225499,-0.0492371289038962,-0.171107610112515,"Other_Mut"
"TCGA.69.7765",0.299641462721316,0.292197473155439,0.250320749886573,"Other_Mut"
"TCGA.69.7973",-0.219933384165825,-0.156582419689472,-0.225107982357209,"Mut"
"TCGA.69.7974",-0.111340090920994,0.0857425055289513,0.302556445998002,"Mut"
"TCGA.69.7978",0.0897029419628255,0.00602880387250626,0.372735377083162,"Mut"
"TCGA.69.7979",-0.189421736306432,-0.179712688784871,-0.392852324503301,"Other_Mut"
"TCGA.69.7980",-0.0233853829350182,0.0283986003847832,-0.147241589502812,"Mut"
"TCGA.69.8253",0.0792767979687147,-0.0771408240864532,-0.167639019568012,"Mut"
"TCGA.69.8254",0.203319562586094,0.212866577529783,0.114199137874492,"Mut"
"TCGA.69.8255",-0.132852559907033,-0.183420281903334,-0.00652267639669782,"Other_Mut"
"TCGA.69.A59K",-0.2742493491944,-0.229416540872858,-0.0866090227021112,"Other_Mut"
"TCGA.71.6725",-0.413050521157419,-0.234828137734899,-0.310156797188112,"Other_Mut"
"TCGA.71.8520",0.243298918113703,0.252755306106215,-0.118200665189951,"Other_Mut"
"TCGA.73.4658",0.180379422252072,0.30450284275463,0.394944944458026,"Other_Mut"
"TCGA.73.4659",0.0636488222720844,0.0723242882327145,-0.187707944771106,"Mut"
"TCGA.73.4662",0.0138753380368385,0.252259601061059,-8.79906476283221e-05,"Mut"
"TCGA.73.4666",-0.141387753163488,-0.196122245670588,0.287041267295754,"Other_Mut"
"TCGA.73.4668",0.117954332864159,0.156401226731194,-0.101516223863997,"Other_Mut"
"TCGA.73.4670",-0.081657011133465,-0.0373829045200371,-0.110116237232711,"Mut"
"TCGA.73.4675",0.154289314908698,0.31042958550599,-0.208433407598562,"Other_Mut"
"TCGA.73.4676",-0.106504354152593,-0.0611640072241577,-0.0603417777422453,"Other_Mut"
"TCGA.73.4677",-0.048642653124883,0.0663364915303319,-0.138360942381292,"Mut"
"TCGA.73.7498",0.050897773219221,0.197826897004658,-0.284049779767678,"Mut"
"TCGA.73.7499",-0.156925838711042,-0.241701444727624,-0.124305685859846,"Other_Mut"
"TCGA.73.A9RS",-0.262168879094032,-0.092371457120421,-0.322266154687218,"Mut"
"TCGA.75.5122",0.0346176412188091,0.0600038004025577,0.455996807048189,"Other_Mut"
"TCGA.75.5125",-0.169214460968289,-0.146833088607817,0.172363566166032,"Other_Mut"
"TCGA.75.5126",0.0587507962769981,-0.107056284745177,0.32621962558149,"Mut"
"TCGA.75.5146",-0.0830775203348611,-0.079297866934935,-0.0996967282458149,"Mut"
"TCGA.75.5147",-0.143428881386769,-0.237112242901688,-0.170603469512467,"Other_Mut"
"TCGA.75.6203",0.200403619228857,0.216039036875534,0.195680737888612,"Other_Mut"
"TCGA.75.6205",0.150451336998789,0.080490396342726,0.416932811524266,"Other_Mut"
"TCGA.75.6206",0.162754483390582,0.307429693915535,-0.157372805427492,"Mut"
"TCGA.75.6207",-0.371585672666418,-0.25521262693555,-0.179026602817352,"Other_Mut"
"TCGA.75.6211",0.0330857704816358,-0.0763465443981593,-0.180313756969452,"Other_Mut"
"TCGA.75.6212",0.27166894932095,0.245675009884579,0.19690034333459,"Other_Mut"
"TCGA.75.6214",-0.232448106278953,-0.258687212405487,-0.225690416310814,"Other_Mut"
"TCGA.75.7025",0.223007605991523,0.218120064242927,-0.123802761380695,"Other_Mut"
"TCGA.75.7027",0.0478693536749511,-0.146764884266995,-0.14208316616105,"Mut"
"TCGA.75.7030",0.555652414681393,0.479898462838989,0.238619727846924,"Mut"
"TCGA.75.7031",-0.0619337451204399,-0.054766008623635,-0.0148599413222695,"Mut"
"TCGA.78.7145",-0.286273178456767,-0.162563455289876,0.00787992729763068,"Mut"
"TCGA.78.7146",-0.123230477772826,-0.158193620866646,-0.0351839715012409,"Other_Mut"
"TCGA.78.7147",-0.308709344931429,-0.328798978557742,-0.348475292382225,"Other_Mut"
"TCGA.78.7148",-0.127057731686912,-0.21212770185436,0.0204589963171264,"Mut"
"TCGA.78.7149",0.0360542906793188,0.0690692059571454,-0.358523615774732,"Other_Mut"
"TCGA.78.7150",-0.111790320957539,-0.158492695633046,-0.159650081997191,"Other_Mut"
"TCGA.78.7152",-0.143386312629697,-0.0338726962084442,-0.012062875733529,"Mut"
"TCGA.78.7153",-0.369329162106246,-0.116653090926061,-0.244848180454279,"Other_Mut"
"TCGA.78.7154",-0.376976735375138,-0.348074943746756,-0.13447114427637,"Other_Mut"
"TCGA.78.7155",-0.446139294098245,-0.416624836617159,-0.336693447855159,"Other_Mut"
"TCGA.78.7156",-0.019974956302779,0.00642213799348973,-0.376294353596507,"Mut"
"TCGA.78.7158",-0.329607130740603,-0.209805463516315,-0.332452167380787,"Other_Mut"
"TCGA.78.7159",-0.137922932142165,-0.176093771839528,-0.149480381472042,"Mut"
"TCGA.78.7160",0.131097261195592,0.0346641240787538,0.331811123433679,"Mut"
"TCGA.78.7161",0.00582887762941564,0.122141002257595,-0.332632052753633,"Mut"
"TCGA.78.7162",0.175857366795293,0.227617311084119,0.0616273652349889,"Other_Mut"
"TCGA.78.7163",-0.110620170691011,-0.163252940032416,-0.249410677917728,"Other_Mut"
"TCGA.78.7166",-0.0826008030617052,-0.122694305506238,-0.238196263363845,"Mut"
"TCGA.78.7167",-0.251230459695209,-0.0533964862381111,-0.407283315169386,"Mut"
"TCGA.78.7220",-0.295181801466614,-0.192086257994521,-0.220256470341661,"Mut"
"TCGA.78.7535",0.107740679027343,-0.00733084298078823,-0.252092831944588,"Mut"
"TCGA.78.7536",-0.461545653380477,-0.377442199187645,-0.175736247286935,"Other_Mut"
"TCGA.78.7537",0.366135850007175,0.321054069005502,-0.259313365203537,"Other_Mut"
"TCGA.78.7539",0.285445379298776,0.302206747342386,0.0386215908273744,"Mut"
"TCGA.78.7540",0.218846475169818,0.158217264924621,-0.0895333597702757,"Mut"
"TCGA.78.7542",-0.126498908858374,-0.235329707292868,-0.0168047348743691,"Other_Mut"
"TCGA.78.7633",-0.104468078569316,0.19915115748842,-0.331097128094295,"Other_Mut"
"TCGA.78.8640",-0.251091031982059,-0.111458920721511,-0.262886866511561,"Other_Mut"
"TCGA.78.8648",0.361887394786593,0.325033937819614,0.359467530925881,"Other_Mut"
"TCGA.78.8655",-0.0926650505710006,0.0627133736221258,-0.022597008663268,"Mut"
"TCGA.78.8660",0.0610691372097688,-0.00773241696933261,0.128656518784801,"Other_Mut"
"TCGA.78.8662",-0.0511054466396108,-0.106681989763661,-0.382981476963478,"Other_Mut"
"TCGA.80.5607",0.0686126102095633,0.0186158096738137,0.259477497213224,"Other_Mut"
"TCGA.80.5608",-0.109585649772154,0.0496629856444192,-0.160539730698814,"Mut"
"TCGA.80.5611",-0.221411779872405,-0.119533839858508,-0.0761072524302661,"Other_Mut"
"TCGA.83.5908",0.00152105156560409,-0.132672408166146,0.343476434314375,"Mut"
"TCGA.86.6562",0.106760001405548,0.125932074475913,0.134512181916071,"Other_Mut"
"TCGA.86.6851",0.199994144830787,0.148153614682689,0.247993835498415,"Other_Mut"
"TCGA.86.7701",0.181706185216298,0.110100393823222,0.237558094524514,"Other_Mut"
"TCGA.86.7711",0.196925799770321,0.195536886765426,0.11105471445529,"Other_Mut"
"TCGA.86.7713",-0.30632182806424,-0.307210475680978,-0.257117882718877,"Mut"
"TCGA.86.7714",0.146624710912715,0.103456243623764,-0.119816809117014,"Other_Mut"
"TCGA.86.7953",0.290351557276551,0.158660145742997,0.198238885048367,"Mut"
"TCGA.86.7954",-0.0926048518604115,-0.231350056519297,0.108865163964422,"Other_Mut"
"TCGA.86.7955",-0.493121427680569,-0.377940323177059,-0.358633278217754,"Other_Mut"
"TCGA.86.8054",-0.324917891128782,-0.356660905055394,-0.315104836238204,"Mut"
"TCGA.86.8055",0.175147660981861,0.131450078162329,0.156831844000972,"Other_Mut"
"TCGA.86.8056",0.154623934268059,0.224246304261271,-0.0650329583665862,"Mut"
"TCGA.86.8073",-0.136114083687479,-0.112023542035,-0.233112003030798,"Other_Mut"
"TCGA.86.8074",0.187882021687103,0.0453160998266258,0.115082096438084,"Other_Mut"
"TCGA.86.8075",0.259184275490102,0.176627993046217,0.18943098749898,"Other_Mut"
"TCGA.86.8076",0.16328782143389,0.144110447383621,0.195096597710375,"Mut"
"TCGA.86.8278",0.119646953067428,0.16830602406621,-0.0342436689082996,"Other_Mut"
"TCGA.86.8279",0.0600237028659435,0.0311329305688464,-0.362537395391615,"Other_Mut"
"TCGA.86.8280",0.190825956321753,0.156818746185629,0.0502601120063184,"Mut"
"TCGA.86.8281",-0.00674249381304962,0.0754850337090213,-0.339788674266279,"Mut"
"TCGA.86.8358",-0.278698440721785,-0.313236386234833,-0.239081531398209,"Other_Mut"
"TCGA.86.8359",0.371584906285034,0.303305105090864,0.136489068829935,"Mut"
"TCGA.86.8585",-0.186981919078146,-0.198473012565979,0.00482053983746433,"Other_Mut"
"TCGA.86.8668",0.367538146389985,0.395270163870861,0.0399283768586293,"Other_Mut"
"TCGA.86.8669",-0.0431890730029298,0.152178406516708,0.0456581770303703,"Other_Mut"
"TCGA.86.8671",0.469638280417644,0.442549312753799,0.313488071139522,"Other_Mut"
"TCGA.86.8672",0.239123789604991,0.0942987246619685,0.133585749515858,"Other_Mut"
"TCGA.86.8673",0.143032400077195,0.192028958299153,-0.236993161784172,"Other_Mut"
"TCGA.86.8674",-0.187516577122168,0.106708227562213,-0.295404875738581,"Mut"
"TCGA.86.A456",0.195705005230707,0.273820595650949,0.174071247498081,"Mut"
"TCGA.86.A4JF",-0.04153911267966,-0.0579681565281006,0.106925254932245,"Mut"
"TCGA.86.A4P7",0.423893218442816,0.3149788256516,0.111429354965901,"Other_Mut"
"TCGA.86.A4P8",0.262975948017476,0.234138051812162,0.165426566505588,"Other_Mut"
"TCGA.91.6828",0.11376443782358,0.24972429966443,0.337759593545523,"Mut"
"TCGA.91.6829",0.00277201544851377,-0.000260527381199027,-0.196002964047808,"Other_Mut"
"TCGA.91.6830",-0.101332963244722,-0.0851244870780658,0.106698706040554,"Other_Mut"
"TCGA.91.6831",-0.338176525442734,-0.280594248401563,-0.17345254528381,"Other_Mut"
"TCGA.91.6835",0.188313405488997,0.216301749616094,0.31024363725153,"Other_Mut"
"TCGA.91.6836",-0.160124105584453,-0.163962348198935,-0.161834371801383,"Mut"
"TCGA.91.6840",-0.110932087119414,-0.060210918217274,-0.237701817092477,"Other_Mut"
"TCGA.91.6847",-0.329630198064292,-0.323438204775137,-0.286627605387385,"Other_Mut"
"TCGA.91.6848",0.0743692245384268,-0.0448778929293799,0.23983823035453,"Other_Mut"
"TCGA.91.6849",0.151417609196765,0.289467156827845,0.1030423356611,"Mut"
"TCGA.91.7771",0.253444622198453,0.146672044525896,0.311135475568369,"Mut"
"TCGA.91.8496",0.0300740250457485,-0.0308374748425254,-0.116957134498195,"Other_Mut"
"TCGA.91.8497",0.27669174528119,0.263840647450462,0.116806686622715,"Other_Mut"
"TCGA.91.8499",-0.299118331491635,-0.344582869784026,-0.237883322301471,"Other_Mut"
"TCGA.91.A4BC",-0.178672300217472,-0.213227281014618,0.110663983309604,"Other_Mut"
"TCGA.91.A4BD",0.0285328104690585,-0.0999905890381641,-0.18565658305043,"Other_Mut"
"TCGA.93.7347",0.348510996446449,0.350346100408166,0.299185171707693,"Mut"
"TCGA.93.7348",0.170371404395728,0.24180732356903,0.104251359135166,"Other_Mut"
"TCGA.93.8067",-0.0665533127212912,-0.040757984037345,-0.11746255590896,"Mut"
"TCGA.93.A4JN",0.308114727309929,0.246452847843836,-0.139875152269347,"Other_Mut"
"TCGA.93.A4JO",-0.00225215794838396,-0.0909318307799939,0.0947904890643759,"Mut"
"TCGA.93.A4JP",-0.0850277385544244,-0.164098413253533,-0.0908124301490649,"Other_Mut"
"TCGA.93.A4JQ",0.230845330076371,0.185334685284287,0.203049699810425,"Other_Mut"
"TCGA.95.7039",-0.0947097002443559,-0.0331666533376088,-0.019323847710554,"Mut"
"TCGA.95.7043",-0.187455464313069,-0.100219846591641,-0.370194020353597,"Other_Mut"
"TCGA.95.7562",-0.425907684431602,-0.276920295302772,-0.11368849395842,"Mut"
"TCGA.95.7567",-0.368056985813796,-0.258334527819548,-0.0480212327793405,"Mut"
"TCGA.95.7944",-0.213615550978281,-0.263027963170443,0.188526795906138,"Other_Mut"
"TCGA.95.7947",-0.19415843281231,-0.134359891767481,-0.2000614829211,"Other_Mut"
"TCGA.95.7948",-0.365280953536579,-0.353608909122852,-0.332876194667376,"Other_Mut"
"TCGA.95.8039",0.0184491551118889,0.0738782442905274,0.0473766109489593,"Other_Mut"
"TCGA.95.8494",-0.0462013165575342,-0.150737552839655,-0.0782679088510658,"Other_Mut"
"TCGA.95.A4VK",0.11862376926448,0.172749161363831,-0.140118770618785,"Mut"
"TCGA.95.A4VN",0.013751191285451,0.0951427179921666,0.31228855117299,"Mut"
"TCGA.95.A4VP",0.241790866824201,0.205776527360797,-0.000916342690238256,"Mut"
"TCGA.97.7546",0.167565394440653,0.218385255330186,0.231701966227109,"Other_Mut"
"TCGA.97.7547",-0.0506549974191901,0.100925164287927,-0.00771158519578752,"Other_Mut"
"TCGA.97.7552",0.114217268486747,0.142448799858865,0.304028840354466,"Other_Mut"
"TCGA.97.7553",0.107665180036147,0.1262850417456,0.335925856996817,"Other_Mut"
"TCGA.97.7554",-0.224337947075325,-0.207237267505729,0.176684219357693,"Mut"
"TCGA.97.7937",-0.230234129399816,-0.2273443931049,-0.291852137793606,"Other_Mut"
"TCGA.97.7938",0.137234780493019,0.251066577037552,0.0344553104557236,"Mut"
"TCGA.97.7941",0.148847002338898,0.156765254617645,-0.212072375572689,"Mut"
"TCGA.97.8171",-0.28421444527657,-0.144292111801235,-0.377556795683587,"Other_Mut"
"TCGA.97.8172",-0.202324768799738,-0.0126741608624252,0.0826639698497292,"Other_Mut"
"TCGA.97.8174",0.190572447679493,0.19077445327176,-0.092918329207778,"Other_Mut"
"TCGA.97.8175",0.317248456584416,0.173748765174215,0.0617379355400279,"Other_Mut"
"TCGA.97.8176",-0.051085471435031,-0.0215877996009289,-0.28738327224599,"Mut"
"TCGA.97.8177",0.0964332044614669,-0.0449028556753531,0.159862644317062,"Other_Mut"
"TCGA.97.8179",-0.150470832347487,-0.0790428908168276,-0.365570636180721,"Mut"
"TCGA.97.8547",0.403187142239925,0.26858661210297,-0.0899810549589569,"Other_Mut"
"TCGA.97.8552",0.0802317547688889,0.128018073023493,-0.218511425379769,"Other_Mut"
"TCGA.97.A4LX",0.354217248296404,0.210455955726781,0.291162231063856,"Other_Mut"
"TCGA.97.A4M0",-0.0253298640697514,-0.0121919990270871,0.0410922529115978,"Mut"
"TCGA.97.A4M1",-0.189308778384506,-0.124248138873518,-0.317046049176531,"Other_Mut"
"TCGA.97.A4M2",0.290872234076789,0.300181222434683,0.0168788319539253,"Other_Mut"
"TCGA.97.A4M3",-0.136877435564889,0.0573313365467709,-0.0881880774692698,"Mut"
"TCGA.97.A4M5",0.0845287566200817,-0.0412827076464217,-0.104826091555364,"Mut"
"TCGA.97.A4M6",0.344007751545962,0.361937762113962,0.206468826101226,"Other_Mut"
"TCGA.97.A4M7",0.318433548098068,0.167958751515404,0.150861276912263,"Other_Mut"
"TCGA.99.7458",0.0956144988592181,0.172429886675676,0.270705426626885,"Other_Mut"
"TCGA.99.8025",-0.230791467403872,-0.2060957865931,-0.322835849150314,"Mut"
"TCGA.99.8028",0.417642868692696,0.261164339750377,0.399822920938238,"Mut"
"TCGA.99.8032",-0.0148939848138307,-0.12687120217371,-0.194318973659032,"Mut"
"TCGA.99.8033",-0.0275807308658051,-0.0479303576916864,0.0951720201287065,"Mut"
"TCGA.99.AA5R",0.211760305301784,0.226404069738863,0.225485570031583,"Other_Mut"
"TCGA.J2.8192",0.234920486043917,0.184134389899975,0.228717126880098,"Other_Mut"
"TCGA.J2.8194",0.241109477570886,0.28984103666569,-0.0455300136350174,"Mut"
"TCGA.J2.A4AD",-0.169901054221332,-0.185503527744117,-0.394880369789785,"Other_Mut"
"TCGA.J2.A4AE",0.255907632839442,0.178570288123321,0.0700892065832564,"Other_Mut"
"TCGA.J2.A4AG",0.20538086573221,0.135953987723761,0.263259325931009,"Mut"
"TCGA.L4.A4E5",0.0588035323002658,0.0597127736543109,-0.258325416852905,"Other_Mut"
"TCGA.L4.A4E6",0.0711319516662797,0.170765097112686,0.149441845872211,"Other_Mut"
"TCGA.L9.A443",0.00436872130815681,-0.0437308675022953,-0.243631971672734,"Mut"
"TCGA.L9.A444",0.300430801699094,0.194707545327125,0.236708158170397,"Other_Mut"
"TCGA.L9.A50W",0.255911706483405,0.238777971859138,-0.196219249376398,"Other_Mut"
"TCGA.L9.A5IP",-0.26076529698911,-0.214435929318837,-0.0700519044407944,"Other_Mut"
"TCGA.L9.A743",0.462722709147477,0.406721736738897,0.403859905949337,"Other_Mut"
"TCGA.L9.A7SV",-0.0827998237016919,-0.0717240567506131,-0.369385946742563,"Other_Mut"
"TCGA.L9.A8F4",-0.158413589153245,-0.0814182861659924,0.00339491819523247,"Mut"
"TCGA.MN.A4N1",-0.086131280954278,-0.0880482168771436,-0.371555730323601,"Other_Mut"
"TCGA.MN.A4N4",0.109962250013912,-0.145348925511415,-0.285922896136435,"Other_Mut"
"TCGA.MN.A4N5",0.144755471970667,0.221757348240317,-0.0920440065779145,"Mut"
"TCGA.MP.A4SV",-0.0823807883404573,-0.156622645977234,0.13555824348634,"Other_Mut"
"TCGA.MP.A4SW",0.146528699748556,0.154386034875431,-0.0134277737986957,"Other_Mut"
"TCGA.MP.A4SY",0.077299409628582,-0.0576034218811712,-0.211280130964478,"Mut"
"TCGA.MP.A4T4",-0.0119508887930931,-0.116612466627854,0.268161329818716,"Mut"
"TCGA.MP.A4T6",-0.110618300443212,-0.035952168908237,-0.293639174511198,"Other_Mut"
"TCGA.MP.A4T7",-0.0788734780579029,-0.0950497082042179,-0.0784405675528751,"Mut"
"TCGA.MP.A4T8",0.256548378526971,0.245050748630152,-0.195562362400624,"Mut"
"TCGA.MP.A4T9",0.396987230547096,0.312544617195795,0.017941104474971,"Other_Mut"
"TCGA.MP.A4TA",-0.257691531074771,-0.213885142119677,-0.178206094508774,"Other_Mut"
"TCGA.MP.A4TC",0.117669430156209,0.00992650710368065,0.197349545968566,"Other_Mut"
"TCGA.MP.A4TD",-0.0614856859111477,0.139646675550928,-0.0746510419848928,"Mut"
"TCGA.MP.A4TE",-0.134658705228455,-0.0107946066454625,-0.342339835559132,"Mut"
"TCGA.MP.A4TF",-0.0346702996976345,-0.22238260365526,-0.165031465578824,"Mut"
"TCGA.MP.A4TH",0.307743686406333,0.385536082251425,0.137674628776952,"Other_Mut"
"TCGA.MP.A4TI",0.340343953790039,0.197750892595606,0.405554041472334,"Mut"
"TCGA.MP.A4TJ",0.271792391989272,0.215034395807448,0.417679045785153,"Other_Mut"
"TCGA.MP.A4TK",0.302648964525656,0.315367460449751,0.179831231021263,"Mut"
"TCGA.MP.A5C7",-0.0124171395246588,0.198953193653457,-0.374624626518404,"Other_Mut"
"TCGA.NJ.A4YF",0.19031776897116,0.194127776868181,-0.337156159231166,"Mut"
"TCGA.NJ.A4YG",-0.297130303859294,-0.289210875925972,-0.0795527498538819,"Mut"
"TCGA.NJ.A4YI",-0.217930972947034,-0.0907141523066754,-0.307635715858106,"Mut"
"TCGA.NJ.A4YP",0.167166676274978,-0.0358865028590099,-0.0918262599489452,"Mut"
"TCGA.NJ.A4YQ",-0.144210101265354,-0.268599426773948,0.0343993479098486,"Other_Mut"
"TCGA.NJ.A55A",-0.284213538346335,-0.119190147044433,0.052606066669059,"Other_Mut"
"TCGA.NJ.A55O",-0.155728503463111,-0.096967014560508,-0.136752227125581,"Mut"
"TCGA.NJ.A55R",-0.167038698531707,-0.10212267387876,-0.372937562024549,"Mut"
"TCGA.NJ.A7XG",-0.238363348011698,-0.12560914743551,-0.305003928057908,"Other_Mut"
"TCGA.O1.A52J",-0.141779475620666,0.0489988722688494,-0.106345312426138,"Other_Mut"
"TCGA.S2.AA1A",0.386687725148281,0.227751997081289,0.200300183285237,"Other_Mut"
